Timestamp,Ping (ms), Download (Mbit/s), Upload (Mbit/s)
2020-02-18 20:02:03,6.541,93.07,64.22
2020-02-18 20:15:34,4.796,93.28,64.11
2020-02-18 20:30:34,5.119,4.85,64.67
2020-02-18 20:45:33,5.084,93.20,65.03
2020-02-18 21:00:34,4.998,92.96,65.26
2020-02-18 21:15:34,4.494,93.05,64.98
2020-02-18 21:31:04,6.641,92.83,13.25
2020-02-18 21:45:33,10.343,92.62,65.12
2020-02-18 22:00:45,9.615,38.53,65.20
2020-02-18 22:15:44,9.65,18.25,8.20
2020-02-18 22:30:43,9.508,92.54,3.32
2020-02-18 22:45:33,8.082,2.97,1.64
2020-02-18 23:00:59,9.722,43.68,2.91
2020-02-18 23:15:40,9.517,9.50,6.41
2020-02-18 23:30:43,7.921,6.96,2.91
2020-02-18 23:45:35,9.105,93.07,9.59
2020-02-19 00:00:35,8.154,92.47,52.01
2020-02-19 00:15:51,9.323,92.87,10.84
2020-02-19 00:31:03,9.171,23.92,64.68
2020-02-19 00:46:06,10.245,93.05,12.69
2020-02-19 01:00:35,8.079,92.26,53.21
2020-02-19 01:15:36,8.235,63.32,4.57
2020-02-19 01:30:44,10.375,92.76,65.05
2020-02-19 01:45:35,8.21,1.61,23.99
2020-02-19 02:00:33,8.051,91.97,2.92
2020-02-19 02:15:34,8.207,4.59,4.15
2020-02-19 02:30:42,8.259,93.10,34.89
2020-02-19 02:46:01,9.302,48.60,58.75
2020-02-19 03:00:50,9.656,93.09,64.69
2020-02-19 03:15:33,7.966,92.88,65.23
2020-02-19 03:30:43,9.297,93.05,65.14
2020-02-19 03:45:34,10.329,93.04,65.05
2020-02-19 04:00:46,9.768,93.10,65.37
2020-02-19 04:15:45,9.313,93.02,65.21
2020-02-19 04:30:34,8.05,92.74,13.81
2020-02-19 04:45:34,9.569,93.09,65.17
2020-02-19 05:00:40,9.286,62.89,65.27
2020-02-19 05:15:33,7.905,92.75,63.98
2020-02-19 05:30:34,7.84,91.76,64.91
2020-02-19 05:45:34,7.888,92.25,64.21
2020-02-19 06:00:34,7.859,93.18,64.36
2020-02-19 06:15:34,8.242,92.97,64.28
2020-02-19 06:30:35,7.756,93.17,53.22
2020-02-19 06:45:42,10.226,93.04,65.18
2020-02-19 07:00:33,8.086,92.18,65.28
2020-02-19 07:16:01,9.717,93.01,60.52
2020-02-19 07:30:44,8.012,92.84,65.23
2020-02-19 07:45:33,8.072,92.95,65.25
2020-02-19 08:00:44,9.697,93.05,34.94
2020-02-19 08:15:43,9.233,93.02,64.13
2020-02-19 08:30:33,7.879,92.52,64.60
2020-02-19 08:45:33,8.26,93.08,2.81
2020-02-19 09:01:03,10.134,92.84,65.23
2020-02-19 09:15:35,7.82,41.41,65.22
2020-02-19 09:30:33,8.032,93.04,65.13
2020-02-19 09:45:44,10.74,8.68,3.74
2020-02-19 10:00:35,7.781,92.41,26.88
2020-02-19 10:15:34,7.999,93.09,65.34
2020-02-19 10:30:44,7.872,50.11,49.56
2020-02-19 10:45:37,9.686,7.09,63.41
2020-02-19 11:00:34,8.009,92.96,17.02
2020-02-19 11:15:34,8.045,91.82,10.90
2020-02-19 11:30:35,7.866,46.03,8.42
2020-02-19 11:45:34,8.243,93.03,65.19
2020-02-19 12:00:33,8.029,92.55,64.20
2020-02-19 12:15:33,7.823,42.47,64.84
2020-02-19 12:30:34,8.188,92.49,65.10
2020-02-19 12:45:41,12.176,3.08,53.45
2020-02-19 13:00:34,8.045,36.32,3.73
2020-02-19 13:15:33,7.91,92.37,5.38
2020-02-19 13:30:37,7.792,78.68,53.19
2020-02-19 13:45:45,9.48,10.17,14.06
2020-02-19 14:00:35,8.027,92.58,13.98
2020-02-19 14:15:44,7.893,36.27,3.32
2020-02-19 14:30:33,8.017,92.64,64.87
2020-02-19 14:45:33,7.824,91.54,65.13
2020-02-19 15:00:34,8.135,93.06,63.96
2020-02-19 15:15:33,8.229,92.86,64.78
2020-02-19 15:30:33,7.841,93.16,64.10
2020-02-19 15:45:33,10.672,92.36,64.61
2020-02-19 16:00:34,7.754,91.56,26.98
2020-02-19 16:15:35,8.01,92.90,50.60
2020-02-19 16:31:04,10.244,85.16,65.31
2020-02-19 16:46:05,10.321,87.14,16.20
2020-02-19 17:00:42,8.795,41.25,7.62
2020-02-19 17:15:33,4.336,92.44,65.10
2020-02-19 17:30:34,7.128,93.24,64.55
2020-02-19 17:45:34,4.299,21.59,10.80
2020-02-19 18:00:36,4.538,93.13,52.07
2020-02-19 18:15:34,4.435,93.19,12.63
2020-02-19 18:30:40,4.33,42.98,2.91
2020-02-19 18:45:33,4.472,91.56,3.32
2020-02-19 19:00:44,6.233,93.08,6.81
2020-02-19 19:15:33,4.305,93.12,4.57
2020-02-19 19:30:34,6.412,3.08,64.14
2020-02-19 19:45:34,4.388,93.17,4.14
2020-02-19 20:00:36,5.207,78.51,5.79
2020-02-19 20:15:44,6.746,93.10,4.84
2020-02-19 20:30:44,8.759,14.72,13.93
2020-02-19 20:45:43,5.551,93.19,63.24
2020-02-19 21:00:44,6.372,93.05,12.50
2020-02-19 21:16:05,6.208,78.02,2.88
2020-02-19 21:30:44,6.209,93.23,65.32
2020-02-19 21:45:33,11.471,90.86,2.91
2020-02-19 22:00:44,9.569,3.08,65.21
2020-02-19 22:15:36,7.868,85.32,51.34
2020-02-19 22:30:38,12.662,68.92,37.06
2020-02-19 22:45:45,9.595,93.06,52.25
2020-02-19 23:00:46,9.355,92.95,31.90
2020-02-19 23:15:35,7.725,36.25,14.71
2020-02-19 23:30:41,9.145,93.07,65.13
2020-02-19 23:45:34,10.87,93.06,12.43
2020-02-20 00:00:44,7.833,92.32,65.39
2020-02-20 00:15:46,9.465,92.97,4.57
2020-02-20 00:30:42,9.146,93.13,64.81
2020-02-20 00:45:53,12.272,92.82,65.18
2020-02-20 01:00:45,9.6,93.16,2.91
2020-02-20 01:15:50,9.666,93.08,65.14
2020-02-20 01:30:43,9.152,92.68,64.63
2020-02-20 01:45:33,8.198,93.11,65.13
2020-02-20 02:00:34,8.192,11.25,65.43
2020-02-20 02:15:51,9.361,7.08,5.80
2020-02-20 02:30:54,9.601,92.98,6.84
2020-02-20 02:45:33,8.237,92.33,64.57
2020-02-20 03:00:34,7.935,42.29,65.26
2020-02-20 03:15:33,8.237,92.13,65.12
2020-02-20 03:30:36,9.358,18.17,64.10
2020-02-20 03:45:34,10.572,93.07,63.37
2020-02-20 04:00:34,7.821,92.75,65.35
2020-02-20 04:15:33,8.06,92.61,64.17
2020-02-20 04:30:33,8.001,93.00,65.33
2020-02-20 04:45:34,7.922,93.08,64.61
2020-02-20 05:00:38,8.248,65.10,64.66
2020-02-20 05:15:44,10.371,92.95,65.19
2020-02-20 05:30:33,7.916,92.68,65.20
2020-02-20 05:45:35,9.159,93.12,65.37
2020-02-20 06:00:33,8.211,93.14,65.00
2020-02-20 06:15:43,10.088,93.12,65.28
2020-02-20 06:30:34,8.032,92.49,65.29
2020-02-20 06:45:41,11.987,93.02,64.42
2020-02-20 07:00:33,8.228,92.65,65.31
2020-02-20 07:15:51,9.172,92.96,64.33
2020-02-20 07:30:34,8.178,92.10,64.66
2020-02-20 07:45:54,8.246,93.13,63.93
2020-02-20 08:00:34,7.995,92.64,63.48
2020-02-20 08:15:33,7.734,92.41,65.29
2020-02-20 08:30:34,8.192,92.71,65.19
2020-02-20 08:45:33,7.73,92.86,64.81
2020-02-20 09:00:34,7.978,92.19,65.29
2020-02-20 09:15:33,7.854,93.03,65.12
2020-02-20 09:30:33,8.102,92.88,64.13
2020-02-20 09:45:33,10.453,92.13,64.28
2020-02-20 10:00:33,8.042,92.65,65.15
2020-02-20 10:15:37,9.123,93.09,65.12
2020-02-20 10:30:34,7.822,92.57,65.29
2020-02-20 10:45:33,7.889,92.60,64.84
2020-02-20 11:00:34,8.099,93.16,65.16
2020-02-20 11:15:46,9.146,92.99,65.27
2020-02-20 11:30:44,9.156,92.90,65.37
2020-02-20 11:45:34,8.049,92.17,65.25
2020-02-20 12:00:34,8.064,91.97,46.89
2020-02-20 12:15:33,7.795,92.18,64.44
2020-02-20 12:30:34,7.967,92.69,65.27
2020-02-20 12:45:43,10.741,92.53,65.35
2020-02-20 13:00:33,8.097,93.16,60.94
2020-02-20 13:15:34,7.936,91.41,65.26
2020-02-20 13:30:34,7.817,93.04,63.93
2020-02-20 13:45:33,7.782,92.95,64.71
2020-02-20 14:00:34,7.779,93.19,64.06
2020-02-20 14:15:34,7.731,93.12,64.64
2020-02-20 14:30:33,7.835,92.24,65.20
2020-02-20 14:45:33,7.762,93.12,64.91
2020-02-20 15:00:34,7.806,92.92,64.96
2020-02-20 15:15:34,7.924,92.53,64.60
2020-02-20 15:30:33,7.856,93.02,65.06
2020-02-20 15:45:37,11.976,93.05,65.25
2020-02-20 16:00:34,7.879,92.48,65.20
2020-02-20 16:15:33,8.12,17.11,64.81
2020-02-20 16:31:03,9.549,92.93,64.40
2020-02-20 16:45:34,8.14,92.94,64.66
2020-02-20 17:00:33,4.311,93.21,64.95
2020-02-20 17:15:34,4.533,93.27,64.66
2020-02-20 17:30:34,4.647,93.18,64.80
2020-02-20 17:45:34,4.66,93.12,64.31
2020-02-20 18:00:33,4.497,93.22,64.10
2020-02-20 18:15:34,4.494,93.21,16.88
2020-02-20 18:30:44,6.196,93.01,64.59
2020-02-20 18:45:33,4.498,93.24,64.45
2020-02-20 19:00:34,4.279,93.10,64.51
2020-02-20 19:15:34,4.796,89.24,62.80
2020-02-20 19:30:33,4.674,93.06,64.77
2020-02-20 19:45:34,8.759,93.15,63.23
2020-02-20 20:00:37,4.768,93.20,51.61
2020-02-20 20:15:34,4.479,93.17,63.64
2020-02-20 20:30:34,4.256,89.73,13.35
2020-02-20 20:45:34,4.751,24.17,64.67
2020-02-20 21:00:43,4.605,50.54,5.80
2020-02-20 21:15:33,4.772,93.22,65.33
2020-02-20 21:30:34,7.006,22.55,64.57
2020-02-20 21:45:45,9.501,93.06,64.06
2020-02-20 22:00:34,8.015,92.81,10.86
2020-02-20 22:15:34,8.221,85.79,65.21
2020-02-20 22:30:34,7.764,90.53,10.78
2020-02-20 22:45:39,9.678,4.85,65.04
2020-02-20 23:00:43,9.177,78.68,5.80
2020-02-20 23:15:41,9.608,92.47,65.21
2020-02-20 23:30:33,8.207,91.77,62.74
2020-02-20 23:45:33,8.237,93.17,64.55
2020-02-21 00:00:34,7.936,92.20,6.03
2020-02-21 00:15:34,7.882,92.54,64.63
2020-02-21 00:30:44,9.607,3.97,65.21
2020-02-21 00:45:51,9.494,93.11,65.28
2020-02-21 01:00:33,8.408,93.11,64.93
2020-02-21 01:15:44,9.308,2.19,65.08
2020-02-21 01:31:03,9.294,92.99,10.81
2020-02-21 01:45:54,9.675,93.07,64.28
2020-02-21 02:00:44,9.154,93.11,13.24
2020-02-21 02:15:38,7.866,68.60,2.49
2020-02-21 02:30:38,10.342,92.96,65.33
2020-02-21 02:45:50,9.667,93.00,64.47
2020-02-21 03:00:34,8.113,91.91,64.79
2020-02-21 03:15:46,9.599,92.97,52.53
2020-02-21 03:30:40,9.13,44.74,65.18
2020-02-21 03:45:33,8.054,93.12,65.34
2020-02-21 04:00:35,9.522,44.58,65.11
2020-02-21 04:15:34,8.167,92.52,13.09
2020-02-21 04:30:54,9.384,92.68,64.21
2020-02-21 04:45:48,9.454,93.06,64.27
2020-02-21 05:00:44,9.499,93.08,64.20
2020-02-21 05:15:34,7.773,10.22,63.85
2020-02-21 05:30:45,9.52,93.15,64.04
2020-02-21 05:45:44,9.648,4.85,64.03
2020-02-21 06:00:35,7.978,93.00,26.97
2020-02-21 06:15:34,7.903,92.48,65.24
2020-02-21 06:30:33,7.892,92.05,65.17
2020-02-21 06:45:53,9.502,84.16,3.74
2020-02-21 07:00:33,7.837,93.03,65.20
2020-02-21 07:15:34,7.872,91.48,65.24
2020-02-21 07:30:34,7.776,14.72,11.59
2020-02-21 07:45:33,7.775,93.19,65.12
2020-02-21 08:00:34,8.193,93.14,65.26
2020-02-21 08:15:36,7.74,92.29,52.28
2020-02-21 08:30:33,8.24,92.45,65.19
2020-02-21 08:45:50,9.648,4.84,65.11
2020-02-21 09:00:44,9.967,93.11,65.27
2020-02-21 09:15:36,7.789,71.10,65.12
2020-02-21 09:30:34,8.102,93.17,64.40
2020-02-21 09:45:34,7.894,93.13,65.13
2020-02-21 10:00:34,8.064,91.62,64.55
2020-02-21 10:15:33,7.755,93.14,65.21
2020-02-21 10:30:43,9.656,3.97,65.34
2020-02-21 10:45:36,9.508,93.07,65.43
2020-02-21 11:00:44,9.2,92.96,12.49
2020-02-21 11:15:33,8.018,92.44,65.10
2020-02-21 11:30:33,7.803,91.72,63.97
2020-02-21 11:45:44,9.628,93.17,65.14
2020-02-21 12:00:44,9.126,93.12,65.26
2020-02-21 12:15:33,7.774,7.09,65.15
2020-02-21 12:30:35,7.763,92.72,42.10
2020-02-21 12:45:33,8.224,93.12,65.23
2020-02-21 13:00:33,8.257,93.05,65.21
2020-02-21 13:15:44,9.408,92.33,14.70
2020-02-21 13:30:34,7.74,92.89,65.09
2020-02-21 13:45:44,9.206,91.89,64.66
2020-02-21 14:00:33,8.195,92.99,64.47
2020-02-21 14:15:33,8.055,92.37,63.96
2020-02-21 14:30:34,7.852,92.76,64.91
2020-02-21 14:45:39,9.446,3.08,64.66
2020-02-21 15:00:34,7.923,93.05,62.88
2020-02-21 15:15:44,9.605,92.65,65.39
2020-02-21 15:30:34,7.762,88.90,10.81
2020-02-21 15:45:34,8.257,87.71,65.30
2020-02-21 16:00:34,8.173,93.08,65.15
2020-02-21 16:15:34,9.655,93.01,64.65
2020-02-21 16:31:14,9.645,10.22,65.26
2020-02-21 16:45:33,8.273,93.11,65.14
2020-02-21 17:00:33,4.326,93.12,63.27
2020-02-21 17:15:33,7.61,93.20,64.57
2020-02-21 17:30:33,4.947,93.23,64.97
2020-02-21 17:45:33,4.931,93.06,64.19
2020-02-21 18:00:34,4.788,93.17,63.61
2020-02-21 18:15:34,4.604,92.84,64.16
2020-02-21 18:30:38,4.452,93.12,44.75
2020-02-21 18:45:34,4.429,93.16,64.93
2020-02-21 19:00:33,4.46,92.20,64.89
2020-02-21 19:15:33,4.729,93.16,64.60
2020-02-21 19:30:35,4.646,93.00,63.65
2020-02-21 19:45:34,4.68,14.76,10.78
2020-02-21 20:00:33,4.666,93.20,64.35
2020-02-21 20:15:34,7.109,93.00,11.79
2020-02-21 20:30:34,5.094,10.20,64.83
2020-02-21 20:45:34,6.2,91.70,64.04
2020-02-21 21:00:43,6.218,92.26,64.99
2020-02-21 21:15:45,6.194,14.71,64.74
2020-02-21 21:30:34,4.783,6.69,14.70
2020-02-21 21:45:34,10.242,93.11,64.06
2020-02-21 22:00:41,9.563,88.77,64.44
2020-02-21 22:15:34,7.937,90.18,5.40
2020-02-21 22:30:33,7.749,11.28,65.30
2020-02-21 22:45:48,9.599,61.56,64.39
2020-02-21 23:00:34,8.219,84.46,65.21
2020-02-21 23:16:04,9.665,3.08,47.21
2020-02-21 23:30:41,9.692,14.76,2.90
2020-02-21 23:45:37,8.09,70.86,13.90
2020-02-22 00:00:33,7.766,93.07,65.19
2020-02-22 00:15:46,9.648,93.00,65.27
2020-02-22 00:30:34,7.912,92.59,65.33
2020-02-22 00:45:43,7.925,93.14,65.14
2020-02-22 01:00:49,9.636,75.37,65.21
2020-02-22 01:15:37,7.954,36.50,52.56
2020-02-22 01:30:48,10.36,41.03,6.79
2020-02-22 01:45:38,9.172,93.17,16.85
2020-02-22 02:00:44,9.67,93.12,65.18
2020-02-22 02:15:53,9.162,93.03,65.26
2020-02-22 02:30:33,7.923,92.27,64.69
2020-02-22 02:45:33,8.108,92.54,65.22
2020-02-22 03:00:34,7.775,92.00,63.28
2020-02-22 03:15:34,7.757,91.65,8.43
2020-02-22 03:30:34,7.876,92.87,65.25
2020-02-22 03:45:57,9.434,93.09,51.80
2020-02-22 04:00:34,8.233,18.18,3.32
2020-02-22 04:15:35,9.541,93.12,4.16
2020-02-22 04:30:34,7.947,91.91,64.44
2020-02-22 04:45:34,7.941,92.54,9.98
2020-02-22 05:00:46,9.498,93.11,65.38
2020-02-22 05:15:41,9.165,93.05,64.94
2020-02-22 05:30:33,8.214,92.68,65.26
2020-02-22 05:45:50,9.481,93.13,65.18
2020-02-22 06:00:38,9.334,93.05,52.48
2020-02-22 06:15:34,8.076,93.12,64.03
2020-02-22 06:30:35,7.769,92.56,65.12
2020-02-22 06:45:33,8.223,93.19,65.34
2020-02-22 07:00:35,9.637,93.11,65.19
2020-02-22 07:15:42,9.622,93.10,64.53
2020-02-22 07:30:42,9.631,93.00,65.20
2020-02-22 07:45:34,9.501,93.07,65.28
2020-02-22 08:00:34,7.958,92.51,64.43
2020-02-22 08:15:34,7.754,80.75,64.19
2020-02-22 08:30:44,7.801,84.13,12.39
2020-02-22 08:45:33,8.263,86.27,65.13
2020-02-22 09:00:33,7.881,2.19,3.33
2020-02-22 09:15:34,7.738,92.38,64.46
2020-02-22 09:31:04,10.336,92.94,65.25
2020-02-22 09:45:33,8.719,93.01,65.05
2020-02-22 10:00:33,7.933,92.90,65.32
2020-02-22 10:15:34,8.067,92.32,32.05
2020-02-22 10:30:33,7.79,91.75,64.36
2020-02-22 10:45:44,9.48,93.06,65.09
2020-02-22 11:00:41,9.135,65.32,3.32
2020-02-22 11:15:33,7.921,92.44,65.16
2020-02-22 11:30:34,7.802,93.12,65.22
2020-02-22 11:45:36,8.066,92.38,16.82
2020-02-22 12:00:35,7.982,92.59,2.91
2020-02-22 12:15:33,8.103,2.00,64.70
2020-02-22 12:30:33,7.955,2.19,65.29
2020-02-22 12:45:33,7.926,93.07,65.21
2020-02-22 13:00:38,9.166,93.07,65.37
2020-02-22 13:15:51,9.69,93.06,64.19
2020-02-22 13:30:39,10.31,2.88,52.71
2020-02-22 13:45:43,8.241,93.14,65.33
2020-02-22 14:00:34,7.877,92.11,10.79
2020-02-22 14:15:56,9.296,93.08,9.20
2020-02-22 14:30:33,8.068,92.54,64.02
2020-02-22 14:45:54,9.483,92.87,65.19
2020-02-22 15:00:46,12.194,92.93,65.26
2020-02-22 15:15:34,7.75,92.46,64.14
2020-02-22 15:30:33,7.792,93.08,65.20
2020-02-22 15:45:34,8.082,5.51,65.19
2020-02-22 16:01:04,9.301,93.07,64.06
2020-02-22 16:15:43,8.203,92.85,64.37
2020-02-22 16:31:03,9.683,93.03,65.17
2020-02-22 16:45:39,8.166,59.29,10.79
2020-02-22 17:00:34,4.503,93.13,64.11
2020-02-22 17:15:34,4.785,93.14,64.12
2020-02-22 17:30:33,4.789,93.23,64.84
2020-02-22 17:45:33,4.913,93.31,63.24
2020-02-22 18:00:34,4.347,93.18,64.55
2020-02-22 18:15:33,4.637,93.13,65.25
2020-02-22 18:30:34,4.653,93.14,64.29
2020-02-22 18:45:34,4.47,93.18,63.21
2020-02-22 19:00:33,7.149,93.19,62.88
2020-02-22 19:15:33,4.296,93.22,64.20
2020-02-22 19:30:34,4.315,93.27,64.50
2020-02-22 19:45:36,4.487,93.17,52.53
2020-02-22 20:00:34,4.479,93.20,64.18
2020-02-22 20:15:33,4.367,93.09,64.37
2020-02-22 20:30:34,4.285,93.21,64.17
2020-02-22 20:45:33,4.664,93.09,64.24
2020-02-22 21:00:34,4.324,93.23,65.18
2020-02-22 21:15:34,4.685,93.25,61.80
2020-02-22 21:30:34,4.657,93.06,64.29
2020-02-22 21:45:35,8.239,93.13,36.72
2020-02-22 22:00:34,8.079,92.72,65.25
2020-02-22 22:15:53,9.51,93.13,64.96
2020-02-22 22:30:34,7.927,92.59,64.97
2020-02-22 22:45:33,10.249,93.12,65.18
2020-02-22 23:00:34,8.074,92.68,65.27
2020-02-22 23:15:38,9.14,92.99,65.18
2020-02-22 23:30:33,7.77,92.87,65.24
2020-02-22 23:45:36,9.796,92.92,65.27
2020-02-23 00:00:33,8.068,92.84,64.90
2020-02-23 00:15:35,9.65,93.09,65.18
2020-02-23 00:30:52,10.533,93.02,64.94
2020-02-23 00:45:34,8.179,93.04,65.28
2020-02-23 01:00:34,7.744,92.88,65.26
2020-02-23 01:15:43,9.784,93.04,65.14
2020-02-23 01:30:34,7.771,89.94,65.33
2020-02-23 01:45:35,10.322,93.04,65.34
2020-02-23 02:00:34,7.939,92.60,65.36
2020-02-23 02:15:33,7.807,92.78,65.00
2020-02-23 02:30:33,7.756,92.57,64.59
2020-02-23 02:45:33,8.096,92.71,64.49
2020-02-23 03:00:33,7.805,92.76,65.22
2020-02-23 03:15:34,12.135,93.01,64.78
2020-02-23 03:30:33,7.832,92.43,65.24
2020-02-23 03:45:44,9.595,93.09,65.25
2020-02-23 04:00:33,8.03,92.57,65.27
2020-02-23 04:15:34,9.282,92.95,65.31
2020-02-23 04:30:34,8.126,92.03,65.10
2020-02-23 04:45:33,7.752,88.07,65.20
2020-02-23 05:00:33,7.91,93.01,65.03
2020-02-23 05:15:47,9.67,92.91,65.23
2020-02-23 05:30:34,7.751,90.68,65.10
2020-02-23 05:45:42,9.568,93.02,65.26
2020-02-23 06:00:41,9.616,93.04,64.29
2020-02-23 06:15:38,9.447,93.06,64.36
2020-02-23 06:30:33,8.228,92.25,64.75
2020-02-23 06:45:33,8.246,93.13,64.95
2020-02-23 07:00:33,7.816,92.29,63.81
2020-02-23 07:15:47,9.501,93.05,64.43
2020-02-23 07:30:34,7.777,92.79,64.02
2020-02-23 07:45:33,7.746,93.12,65.33
2020-02-23 08:00:33,7.773,93.17,65.18
2020-02-23 08:15:36,7.846,93.11,52.25
2020-02-23 08:30:36,9.17,93.05,65.14
2020-02-23 08:45:34,7.916,92.72,63.21
2020-02-23 09:00:34,7.888,92.27,65.16
2020-02-23 09:15:34,7.929,91.96,64.03
2020-02-23 09:30:33,8.105,3.08,65.32
2020-02-23 09:45:33,8.298,93.12,65.14
2020-02-23 10:00:33,7.984,90.00,65.18
2020-02-23 10:15:33,7.948,91.98,65.32
2020-02-23 10:30:34,8.103,92.61,65.24
2020-02-23 10:45:33,7.76,92.75,65.27
2020-02-23 11:00:34,7.79,92.43,64.41
2020-02-23 11:15:33,8.09,92.54,65.32
2020-02-23 11:30:33,7.802,91.63,64.19
2020-02-23 11:45:34,7.74,92.40,65.26
2020-02-23 12:00:34,7.798,92.53,65.24
2020-02-23 12:15:33,7.777,92.77,65.34
2020-02-23 12:30:33,8.229,92.68,65.18
2020-02-23 12:45:44,9.485,92.77,62.79
2020-02-23 13:00:34,7.909,90.49,65.21
2020-02-23 13:15:34,8.237,93.15,63.22
2020-02-23 13:30:34,8.13,93.12,65.28
2020-02-23 13:45:50,9.588,93.09,65.17
2020-02-23 14:00:34,8.108,91.49,9.99
2020-02-23 14:15:33,7.738,92.49,64.98
2020-02-23 14:30:33,7.756,92.38,65.00
2020-02-23 14:45:34,8.269,93.13,8.42
2020-02-23 15:00:34,7.785,92.66,64.47
2020-02-23 15:15:36,7.779,92.96,64.69
2020-02-23 15:30:34,7.898,91.71,65.20
2020-02-23 15:45:33,8.193,93.03,64.22
2020-02-23 16:00:33,7.884,92.34,64.90
2020-02-23 16:15:34,7.762,92.03,64.46
2020-02-23 16:31:03,9.699,93.04,65.23
2020-02-23 16:46:04,9.582,93.04,63.94
2020-02-23 17:00:34,10.57,93.14,64.56
2020-02-23 17:15:33,4.572,93.12,64.70
2020-02-23 17:30:34,4.784,93.21,64.33
2020-02-23 17:45:33,4.54,93.20,64.86
2020-02-23 18:00:33,4.618,93.17,64.46
2020-02-23 18:15:33,4.648,93.21,64.64
2020-02-23 18:30:34,4.766,93.25,64.52
2020-02-23 18:45:34,4.327,30.10,65.32
2020-02-23 19:00:35,7.155,85.01,64.98
2020-02-23 19:15:34,4.399,93.18,64.92
2020-02-23 19:30:34,4.508,93.08,62.51
2020-02-23 19:45:37,4.351,68.86,64.17
2020-02-23 20:00:34,4.375,93.10,63.21
2020-02-23 20:15:39,5.025,60.46,64.09
2020-02-23 20:30:34,4.299,81.45,64.07
2020-02-23 20:45:34,4.423,53.81,64.55
2020-02-23 21:00:34,4.487,5.51,12.50
2020-02-23 21:15:34,4.942,92.51,64.36
2020-02-23 21:30:43,6.203,3.08,64.72
2020-02-23 21:45:33,7.938,88.38,65.31
2020-02-23 22:00:43,8.015,83.28,65.17
2020-02-23 22:15:33,8.109,92.51,64.95
2020-02-23 22:31:11,12.311,93.01,64.83
2020-02-23 22:45:43,9.108,92.83,65.14
2020-02-23 23:00:34,7.811,92.92,64.34
2020-02-23 23:15:33,7.827,91.70,65.16
2020-02-23 23:30:33,7.775,92.43,63.93
2020-02-23 23:45:57,9.615,93.09,63.99
2020-02-24 00:00:46,9.125,92.55,50.15
2020-02-24 00:15:37,9.646,93.05,65.24
2020-02-24 00:30:44,10.251,92.72,13.92
2020-02-24 00:45:34,7.949,92.83,2.48
2020-02-24 01:00:39,7.765,59.18,4.03
2020-02-24 01:15:34,7.92,93.07,65.13
2020-02-24 01:30:33,8.246,92.69,65.23
2020-02-24 01:45:43,9.434,93.15,64.63
2020-02-24 02:00:33,10.336,92.99,65.11
2020-02-24 02:15:35,8.09,92.97,42.05
2020-02-24 02:30:33,8.088,92.10,65.21
2020-02-24 02:45:37,8.088,69.49,64.24
2020-02-24 03:00:33,8.225,8.68,64.74
2020-02-24 03:15:34,8.068,93.12,64.53
2020-02-24 03:30:51,10.312,1.99,4.57
2020-02-24 03:45:54,9.574,93.04,65.18
2020-02-24 04:00:33,7.979,93.10,65.31
2020-02-24 04:15:39,9.338,68.74,16.97
2020-02-24 04:30:37,9.165,93.12,65.30
2020-02-24 04:45:47,9.471,93.07,64.24
2020-02-24 05:00:33,7.775,4.85,4.56
2020-02-24 05:15:33,8.235,93.09,65.22
2020-02-24 05:30:37,10.278,93.02,65.16
2020-02-24 05:45:33,8.26,93.13,65.08
2020-02-24 06:00:33,7.942,91.01,65.32
2020-02-24 06:16:04,9.619,93.10,65.11
2020-02-24 06:30:38,9.619,93.15,65.26
2020-02-24 06:45:34,7.792,91.54,21.87
2020-02-24 07:00:35,8.081,93.04,52.13
2020-02-24 07:15:34,7.761,92.47,64.27
2020-02-24 07:30:34,8.088,90.42,63.42
2020-02-24 07:46:04,9.602,92.95,65.26
2020-02-24 08:00:33,8.003,92.94,65.18
2020-02-24 08:15:34,7.569,92.99,65.29
2020-02-24 08:30:34,8.219,93.12,65.32
2020-02-24 08:45:33,7.744,92.11,64.82
2020-02-24 09:00:47,7.886,59.10,51.97
2020-02-24 09:15:35,7.749,92.50,16.81
2020-02-24 09:30:51,9.623,93.02,65.22
2020-02-24 09:45:41,8.093,53.37,65.08
2020-02-24 10:00:35,7.772,91.87,53.23
2020-02-24 10:16:01,12.416,92.51,65.21
2020-02-24 10:30:43,10.433,7.08,63.92
2020-02-24 10:45:33,8.201,93.09,65.31
2020-02-24 11:00:43,7.777,93.15,63.64
2020-02-24 11:15:33,7.734,92.94,4.15
2020-02-24 11:30:36,9.646,8.65,65.32
2020-02-24 11:45:37,9.662,8.64,65.15
2020-02-24 12:00:40,7.754,70.37,52.28
2020-02-24 12:15:44,8.204,93.06,7.63
2020-02-24 12:30:43,8.276,93.17,65.29
2020-02-24 12:45:45,7.783,91.50,31.97
2020-02-24 13:00:35,7.912,93.19,47.19
2020-02-24 13:15:34,7.887,92.58,65.31
2020-02-24 13:30:42,10.271,92.91,65.33
2020-02-24 13:45:34,10.384,42.21,64.75
2020-02-24 14:00:34,8.093,36.41,65.31
2020-02-24 14:15:36,7.784,59.28,9.99
2020-02-24 14:30:35,7.97,8.67,17.02
2020-02-24 14:45:36,7.907,68.18,65.17
2020-02-24 15:00:34,8.071,93.14,65.17
2020-02-24 15:15:35,8.08,42.40,13.14
2020-02-24 15:30:43,9.309,92.24,65.14
2020-02-24 15:45:33,8.229,93.10,64.13
2020-02-24 16:00:33,7.756,92.29,65.27
2020-02-24 16:15:34,8.031,91.64,65.30
2020-02-24 16:31:13,9.559,93.05,65.12
2020-02-24 16:45:34,8.13,93.11,65.23
2020-02-24 17:00:34,4.29,93.08,64.47
2020-02-24 17:15:38,4.33,44.08,13.91
2020-02-24 17:30:37,4.267,52.75,17.02
2020-02-24 17:45:44,4.644,93.05,9.24
2020-02-24 18:00:34,4.473,35.77,4.97
2020-02-24 18:15:43,6.189,93.19,64.61
2020-02-24 18:30:45,8.84,93.04,64.81
2020-02-24 18:45:46,6.167,93.20,41.91
2020-02-24 19:00:34,4.457,93.17,32.00
2020-02-24 19:15:44,6.493,7.09,65.20
2020-02-24 19:30:34,4.905,11.26,13.93
2020-02-24 19:45:42,4.328,51.85,2.49
2020-02-24 20:00:35,6.069,93.22,6.64
2020-02-24 20:15:35,4.521,77.68,64.21
2020-02-24 20:30:35,4.787,10.36,11.61
2020-02-24 20:45:34,4.496,90.74,11.59
2020-02-24 21:00:34,4.435,14.80,6.09
2020-02-24 21:15:34,4.347,87.41,61.11
2020-02-24 21:30:34,8.155,89.80,65.17
2020-02-24 21:45:35,10.224,76.21,11.55
2020-02-24 22:00:37,7.775,66.31,11.58
2020-02-24 22:15:43,9.169,1.40,2.49
2020-02-24 22:30:56,9.243,93.00,53.37
2020-02-24 22:45:53,11.912,92.77,65.13
2020-02-24 23:00:33,8.183,5.53,65.45
2020-02-24 23:15:35,8.137,80.69,65.24
2020-02-24 23:30:45,9.35,93.17,36.95
2020-02-24 23:45:43,7.95,14.75,34.31
2020-02-25 00:00:33,7.796,92.47,65.28
2020-02-25 00:15:34,8.062,72.54,10.39
2020-02-25 00:31:05,9.371,70.84,5.38
2020-02-25 00:45:35,10.264,93.03,36.03
2020-02-25 01:00:35,8.106,13.79,13.99
2020-02-25 01:15:34,8.047,93.08,64.64
2020-02-25 01:30:34,7.918,92.94,13.90
2020-02-25 01:45:46,7.93,5.10,52.46
2020-02-25 02:00:34,7.819,27.05,6.40
2020-02-25 02:15:40,9.146,65.59,64.02
2020-02-25 02:30:44,9.28,91.96,65.32
2020-02-25 02:45:33,7.988,92.96,65.31
2020-02-25 03:00:34,7.945,92.85,64.41
2020-02-25 03:15:43,7.876,92.72,65.25
2020-02-25 03:30:33,7.903,92.16,65.23
2020-02-25 03:45:45,10.208,92.92,26.84
2020-02-25 04:00:34,7.83,92.60,64.36
2020-02-25 04:15:33,7.76,92.66,64.72
2020-02-25 04:30:33,7.788,5.53,65.29
2020-02-25 04:45:34,7.841,92.37,65.14
2020-02-25 05:00:33,7.755,92.01,65.28
2020-02-25 05:15:33,7.803,93.00,64.69
2020-02-25 05:30:34,8.053,92.33,65.22
2020-02-25 05:45:34,7.82,93.12,11.69
2020-02-25 06:00:34,8.131,91.38,65.17
2020-02-25 06:15:44,7.763,92.77,65.26
2020-02-25 06:30:34,8.218,92.66,63.40
2020-02-25 06:45:34,8.064,92.35,17.04
2020-02-25 07:00:34,7.767,90.87,65.04
2020-02-25 07:15:33,7.738,92.46,64.67
2020-02-25 07:30:35,7.795,14.78,31.91
2020-02-25 07:45:35,8.191,80.26,65.34
2020-02-25 08:00:36,7.732,92.48,26.90
2020-02-25 08:16:03,9.733,93.08,65.16
2020-02-25 08:30:34,8.237,7.10,65.25
2020-02-25 08:45:36,7.803,92.31,52.33
2020-02-25 09:00:33,7.788,20.05,64.94
2020-02-25 09:15:34,10.268,92.44,63.99
2020-02-25 09:30:45,9.6,35.85,64.71
2020-02-25 09:45:33,7.814,92.37,65.14
2020-02-25 10:00:34,8.052,92.43,65.10
2020-02-25 10:15:33,7.764,92.79,65.22
2020-02-25 10:30:44,7.795,90.35,65.13
2020-02-25 10:45:34,7.934,92.54,65.13
2020-02-25 11:00:34,7.922,90.88,9.99
2020-02-25 11:15:34,7.931,93.04,63.66
2020-02-25 11:30:43,7.779,92.46,33.89
2020-02-25 11:45:33,7.748,92.57,65.24
2020-02-25 12:00:51,9.258,50.43,65.28
2020-02-25 12:15:46,10.14,93.09,65.18
2020-02-25 12:30:33,7.978,87.98,65.20
2020-02-25 12:45:34,7.756,92.82,64.95
2020-02-25 13:00:34,8.065,93.14,16.24
2020-02-25 13:15:40,9.626,93.05,65.28
2020-02-25 13:30:34,7.925,92.92,4.56
2020-02-25 13:45:34,7.731,92.78,65.22
2020-02-25 14:00:33,8.243,93.15,65.15
2020-02-25 14:15:34,7.71,92.20,13.20
2020-02-25 14:30:34,7.981,4.05,64.97
2020-02-25 14:45:33,7.772,93.11,65.20
2020-02-25 15:00:34,8.089,93.08,65.34
2020-02-25 15:15:34,10.252,92.96,65.17
2020-02-25 15:30:33,7.924,91.30,65.21
2020-02-25 15:45:33,7.911,92.96,65.05
2020-02-25 16:00:33,7.824,92.65,64.17
2020-02-25 16:15:34,7.969,91.49,64.40
2020-02-25 16:31:05,9.643,33.71,64.78
2020-02-25 16:45:34,7.991,93.20,64.84
2020-02-25 17:00:34,4.301,93.25,64.13
2020-02-25 17:15:36,4.667,93.22,51.97
2020-02-25 17:30:33,4.275,21.66,63.33
2020-02-25 17:45:34,5.094,93.05,65.08
2020-02-25 18:00:46,4.925,84.35,52.63
2020-02-25 18:15:48,5.42,67.95,5.38
2020-02-25 18:30:34,4.35,93.18,60.44
2020-02-25 18:45:37,4.754,72.40,64.81
2020-02-25 19:00:34,4.925,10.24,64.42
2020-02-25 19:15:44,4.649,93.24,14.69
2020-02-25 19:30:34,4.689,92.93,63.79
2020-02-25 19:45:34,7.186,93.07,63.01
2020-02-25 20:00:33,4.927,93.26,62.83
2020-02-25 20:15:35,4.484,70.44,13.24
2020-02-25 20:30:54,4.397,90.45,15.48
2020-02-25 20:45:34,4.767,93.00,64.59
2020-02-25 21:00:45,4.44,89.22,52.17
2020-02-25 21:15:34,4.438,22.29,3.32
2020-02-25 21:30:33,4.815,2.66,64.25
2020-02-25 21:45:36,8.197,74.84,65.32
2020-02-25 22:00:33,8.069,89.83,64.17
2020-02-25 22:15:33,8.201,93.19,65.22
2020-02-25 22:30:44,9.743,6.90,2.91
2020-02-25 22:45:53,8.214,92.31,8.42
2020-02-25 23:00:34,7.764,92.57,65.12
2020-02-25 23:15:38,7.86,38.15,65.31
2020-02-25 23:30:44,9.148,7.36,3.64
2020-02-25 23:45:33,7.945,93.03,65.23
2020-02-26 00:00:33,8.248,92.99,64.91
2020-02-26 00:15:34,7.74,92.09,16.25
2020-02-26 00:30:33,8.123,1.78,2.91
2020-02-26 00:45:44,9.571,93.09,65.24
2020-02-26 01:00:34,8.082,93.10,65.23
2020-02-26 01:15:34,8.06,93.16,64.06
2020-02-26 01:30:35,7.932,92.24,42.00
2020-02-26 01:45:34,7.953,92.56,9.23
2020-02-26 02:00:43,9.481,93.12,65.19
2020-02-26 02:15:34,10.393,93.14,65.15
2020-02-26 02:30:44,7.752,92.53,64.41
2020-02-26 02:45:42,8.092,92.77,35.48
2020-02-26 03:00:36,7.734,65.04,4.15
2020-02-26 03:15:35,10.879,93.15,12.38
2020-02-26 03:30:34,7.734,92.51,16.25
2020-02-26 03:45:33,8.257,3.08,64.08
2020-02-26 04:00:33,8.189,92.31,65.29
2020-02-26 04:15:35,7.759,92.19,50.01
2020-02-26 04:30:34,8.043,92.86,65.19
2020-02-26 04:45:33,7.91,92.71,64.19
2020-02-26 05:00:34,7.785,92.83,64.94
2020-02-26 05:15:33,7.923,93.13,65.22
2020-02-26 05:30:36,8.273,76.21,65.18
2020-02-26 05:45:34,8.109,18.21,65.19
2020-02-26 06:00:34,7.931,92.13,64.28
2020-02-26 06:15:34,7.761,91.80,12.43
2020-02-26 06:30:34,7.754,18.25,64.00
2020-02-26 06:45:56,10.229,92.96,52.68
2020-02-26 07:00:41,7.92,54.83,64.77
2020-02-26 07:15:34,7.746,30.28,64.79
2020-02-26 07:30:36,7.877,92.93,53.05
2020-02-26 07:45:35,7.994,62.82,4.98
2020-02-26 08:00:34,7.785,91.82,14.70
2020-02-26 08:15:33,8.087,92.67,64.69
2020-02-26 08:30:45,9.671,93.11,16.87
2020-02-26 08:45:34,8.076,92.71,64.23
2020-02-26 09:00:44,9.149,5.53,65.24
2020-02-26 09:15:34,12.283,5.12,65.28
2020-02-26 09:30:36,7.934,80.33,6.03
2020-02-26 09:45:38,8.112,65.36,65.17
2020-02-26 10:00:52,7.745,52.00,4.98
2020-02-26 10:15:34,7.623,92.58,6.81
2020-02-26 10:30:35,7.764,91.35,52.26
2020-02-26 10:45:34,8.145,91.77,64.03
2020-02-26 11:00:34,7.89,92.66,64.52
2020-02-26 11:15:34,7.969,9.28,3.32
2020-02-26 11:30:34,7.736,92.85,5.21
2020-02-26 11:46:14,10.208,45.28,33.95
2020-02-26 12:00:33,7.724,92.60,65.19
2020-02-26 12:15:45,11.819,93.02,52.37
2020-02-26 12:30:35,8.078,16.35,14.71
2020-02-26 12:45:34,8.098,93.11,65.12
2020-02-26 13:00:34,8.19,93.08,64.83
2020-02-26 13:15:34,8.101,5.53,64.51
2020-02-26 13:30:34,7.823,92.79,65.19
2020-02-26 13:45:33,7.798,11.30,65.20
2020-02-26 14:00:34,7.72,91.75,64.63
2020-02-26 14:15:35,7.914,93.00,52.29
2020-02-26 14:30:35,7.787,92.83,47.06
2020-02-26 14:45:43,9.179,18.22,3.32
2020-02-26 15:00:44,9.492,92.41,3.32
2020-02-26 15:15:33,7.903,93.00,64.77
2020-02-26 15:30:36,7.788,49.17,6.03
2020-02-26 15:45:33,8.214,93.09,65.10
2020-02-26 16:00:54,9.666,93.05,4.57
2020-02-26 16:15:41,9.181,83.33,65.04
2020-02-26 16:31:05,9.487,14.73,16.86
2020-02-26 16:45:54,9.543,93.06,9.24
2020-02-26 17:00:44,6.221,10.19,63.60
2020-02-26 17:15:55,11.937,62.64,65.04
2020-02-26 17:30:45,6.21,71.16,4.15
2020-02-26 17:45:41,6.826,56.46,64.43
2020-02-26 18:00:33,4.757,92.96,64.71
2020-02-26 18:15:44,6.202,3.96,64.76
2020-02-26 18:30:43,4.478,93.14,64.13
2020-02-26 18:45:43,4.471,93.06,5.38
2020-02-26 19:00:33,4.629,93.23,63.69
2020-02-26 19:15:34,4.805,93.16,64.24
2020-02-26 19:30:33,4.783,93.17,64.48
2020-02-26 19:45:33,4.63,93.24,65.26
2020-02-26 20:00:35,5.093,79.80,65.31
2020-02-26 20:15:34,5.195,93.21,61.42
2020-02-26 20:30:33,5.125,93.13,65.12
2020-02-26 20:45:43,7.228,93.19,33.16
2020-02-26 21:00:54,6.171,30.34,63.10
2020-02-26 21:15:34,4.807,93.28,22.00
2020-02-26 21:30:33,5.132,92.97,64.33
2020-02-26 21:45:33,8.256,93.11,64.37
2020-02-26 22:00:34,8.213,93.10,9.22
2020-02-26 22:15:44,9.065,93.10,65.13
2020-02-26 22:30:37,7.926,91.25,3.74
2020-02-26 22:45:37,8.265,61.79,65.19
2020-02-26 23:00:34,8.24,14.84,65.12
2020-02-26 23:15:45,9.574,93.05,65.23
2020-02-26 23:30:45,9.575,93.07,64.67
2020-02-26 23:45:34,8.045,93.15,65.28
2020-02-27 00:00:34,7.803,92.64,17.02
2020-02-27 00:15:48,10.279,92.96,4.57
2020-02-27 00:30:43,7.748,91.63,65.26
2020-02-27 00:45:35,8.114,93.00,62.78
2020-02-27 01:00:43,7.775,93.11,65.05
2020-02-27 01:15:33,8.222,93.07,5.40
2020-02-27 01:30:36,9.645,93.11,14.70
2020-02-27 01:45:43,7.957,92.33,32.93
2020-02-27 02:00:34,7.795,91.02,64.17
2020-02-27 02:15:38,9.771,93.12,65.27
2020-02-27 02:30:51,9.539,93.17,65.15
2020-02-27 02:45:46,9.513,92.99,64.61
2020-02-27 03:00:33,7.991,93.19,64.72
2020-02-27 03:15:38,10.252,92.91,46.99
2020-02-27 03:30:36,9.161,93.03,65.31
2020-02-27 03:45:33,8.131,93.06,65.35
2020-02-27 04:00:34,8.282,93.07,65.22
2020-02-27 04:15:36,10.647,92.81,65.14
2020-02-27 04:30:57,9.549,93.00,65.09
2020-02-27 04:45:39,9.151,93.09,65.25
2020-02-27 05:00:33,7.749,93.09,65.27
2020-02-27 05:15:51,9.661,92.95,64.42
2020-02-27 05:30:42,9.348,93.15,65.36
2020-02-27 05:45:54,10.339,92.89,65.25
2020-02-27 06:00:33,7.747,92.41,63.96
2020-02-27 06:15:34,10.305,92.73,65.03
2020-02-27 06:30:39,9.611,11.21,65.14
2020-02-27 06:45:56,9.44,10.18,65.23
2020-02-27 07:00:35,9.654,93.06,4.99
2020-02-27 07:15:33,8.097,3.96,65.19
2020-02-27 07:30:35,7.689,92.66,36.82
2020-02-27 07:45:34,7.951,92.29,12.39
2020-02-27 08:00:34,7.9,92.64,4.82
2020-02-27 08:15:44,9.33,93.00,65.02
2020-02-27 08:31:00,9.459,93.02,64.93
2020-02-27 08:45:33,7.777,92.87,5.81
2020-02-27 09:00:34,8.074,14.76,65.01
2020-02-27 09:15:35,7.788,92.16,36.89
2020-02-27 09:31:13,9.683,93.02,10.01
2020-02-27 09:45:34,8.089,93.10,46.99
2020-02-27 10:00:36,7.783,83.58,44.63
2020-02-27 10:15:34,8.132,91.75,64.57
2020-02-27 10:31:00,9.309,93.12,65.26
2020-02-27 10:45:34,7.872,92.94,64.99
2020-02-27 11:00:34,8.113,92.72,63.98
2020-02-27 11:15:33,7.795,92.46,65.11
2020-02-27 11:30:47,9.655,93.06,63.99
2020-02-27 11:45:33,8.255,92.53,65.22
2020-02-27 12:00:34,7.829,92.72,63.83
2020-02-27 12:15:34,8.128,92.36,64.99
2020-02-27 12:30:34,7.781,92.28,15.48
2020-02-27 12:45:33,10.303,92.51,64.63
2020-02-27 13:00:33,7.95,93.10,64.25
2020-02-27 13:15:44,9.626,93.00,21.93
2020-02-27 13:30:40,9.876,93.00,65.21
2020-02-27 13:45:45,9.65,93.07,64.08
2020-02-27 14:00:34,8.094,92.05,64.61
2020-02-27 14:15:43,7.671,92.83,65.22
2020-02-27 14:30:33,8.067,93.17,64.47
2020-02-27 14:45:43,9.128,93.06,65.17
2020-02-27 15:00:34,7.789,92.26,65.32
2020-02-27 15:15:34,8.02,92.79,65.30
2020-02-27 15:30:33,8.087,93.05,64.26
2020-02-27 15:45:33,8.253,93.08,65.26
2020-02-27 16:00:35,7.779,92.86,52.03
2020-02-27 16:15:33,8.163,93.09,64.48
2020-02-27 16:31:04,9.721,93.08,64.57
2020-02-27 16:45:34,8.1,93.13,65.30
2020-02-27 17:01:04,5.601,93.18,65.16
2020-02-27 17:15:34,4.862,93.22,6.84
2020-02-27 17:30:34,7.329,17.13,64.61
2020-02-27 17:45:34,9.231,83.32,63.14
2020-02-27 18:00:34,7.246,10.25,63.69
2020-02-27 18:15:34,5.124,83.38,5.63
2020-02-27 18:30:33,4.497,93.24,63.44
2020-02-27 18:45:33,4.487,42.47,63.90
2020-02-27 19:00:38,4.326,6.15,49.19
2020-02-27 19:15:46,6.21,10.41,51.23
2020-02-27 19:30:34,5.098,93.16,64.37
2020-02-27 19:45:35,4.637,92.34,44.65
2020-02-27 20:00:35,4.605,80.24,60.35
2020-02-27 20:15:43,6.683,93.20,9.98
2020-02-27 20:30:33,7.761,93.15,64.06
2020-02-27 20:45:44,5.122,21.70,5.61
2020-02-27 21:00:45,6.195,4.43,26.97
2020-02-27 21:15:34,4.939,90.18,64.42
2020-02-27 21:30:44,4.956,93.14,5.23
2020-02-27 21:45:33,8.238,82.59,64.63
2020-02-27 22:00:54,9.319,92.73,4.97
2020-02-27 22:15:34,8.077,92.74,4.16
2020-02-27 22:30:43,9.452,92.82,9.21
2020-02-27 22:45:43,10.553,46.81,65.21
2020-02-27 23:00:35,7.881,16.73,2.30
2020-02-27 23:15:45,9.228,93.11,8.93
2020-02-27 23:30:44,9.617,5.52,65.19
2020-02-27 23:45:41,9.628,93.05,10.78
2020-02-28 00:00:44,9.13,92.77,64.27
2020-02-28 00:15:33,8.131,91.41,64.86
2020-02-28 00:30:45,9.639,93.13,65.38
2020-02-28 00:45:52,10.347,93.01,65.20
2020-02-28 01:00:36,7.793,3.97,52.60
